[
	{
		"data": [
			{
				"text": "Is there a C A B at the library",
				"userDefined": false
			}
		],
		"isTemplate": false,
		"count": 0
	},
	{
		"data": [
			{
				"text": "Is there a citizens advice bureau at the library",
				"userDefined": false
			}
		],
		"isTemplate": false,
		"count": 0
	},
	{
		"data": [
			{
				"text": "Where is there a citizens advice bureau",
				"userDefined": false
			}
		],
		"isTemplate": false,
		"count": 0
	},
	{
		"data": [
			{
				"text": "Is there a cab at the library",
				"userDefined": false
			}
		],
		"isTemplate": false,
		"count": 0
	}
]