[
	{
		"data": [
			{
				"text": "is there a justice of the peace at the libary",
				"userDefined": false
			}
		],
		"isTemplate": false,
		"count": 0
	},
	{
		"data": [
			{
				"text": "Where can I find a justice of the peace",
				"userDefined": false
			}
		],
		"isTemplate": false,
		"count": 0
	},
	{
		"data": [
			{
				"text": "Is there a j p at the library",
				"userDefined": false
			}
		],
		"isTemplate": false,
		"count": 0
	},
	{
		"data": [
			{
				"text": "Where can I find a j p",
				"userDefined": false
			}
		],
		"isTemplate": false,
		"count": 0
	}
]