[
	{
		"data": [
			{
				"text": "when does ",
				"userDefined": false
			},
			{
				"text": "sitename",
				"userDefined": true,
				"alias": "sitename",
				"meta": "@siteType"
			},
			{
				"text": " library open",
				"userDefined": false
			}
		],
		"isTemplate": false,
		"count": 0
	},
	{
		"data": [
			{
				"text": "open time ",
				"userDefined": false
			},
			{
				"text": "sitename",
				"userDefined": true,
				"alias": "sitename",
				"meta": "@siteType"
			},
			{
				"text": " library",
				"userDefined": false
			}
		],
		"isTemplate": false,
		"count": 0
	},
	{
		"data": [
			{
				"text": "open time ",
				"userDefined": false
			},
			{
				"text": "sitename",
				"userDefined": true,
				"alias": "sitename",
				"meta": "@siteType"
			}
		],
		"isTemplate": false,
		"count": 0
	},
	{
		"data": [
			{
				"text": "sitename",
				"userDefined": true,
				"alias": "sitename",
				"meta": "@siteType"
			},
			{
				"text": " open hours",
				"userDefined": false
			}
		],
		"isTemplate": false,
		"count": 0
	},
	{
		"data": [
			{
				"text": "sitename",
				"userDefined": true,
				"alias": "sitename",
				"meta": "@siteType"
			}
		],
		"isTemplate": false,
		"count": 0
	}
]